locus,rsid,variant_id,beta_e,se_e,p_e,beta_r,se_r,p_r
GCKR,rs1260326,chr2:27508073:C:T,-0.14993925918365858,0.015910090243203487,4.335558901938051e-21,-0.15,0.0159,4.4e-21
ABCG2 Q141K,rs2231142,chr4:88131171:G:T,0.6096652876272848,0.023508687995474634,2.7830877824859034e-148,0.609,0.0235,2.26e-148
SLC2A9,rs6449137,chr4:9930855:A:T,-0.44166003214572735,0.018412374868521313,3.788845544703062e-127,-0.441,0.0184,7.08e-127
SLC22A11/12,rs2164495,chr11:64575002:A:G,-0.10542443260752203,0.0161185237623626,6.12822704097485e-11,-0.106,0.0161,6.26e-11
